[{"model": "app_kiberclub.branch", "pk": 1, "fields": {"branch_id": "1", "name": "Минск", "sheet_url": "https://docs.google.com/spreadsheets/d/11KW9qvvAmqUS75SF6o1akKuo2bJPDi7Tomcsf1d1vfc"}}, {"model": "app_kiberclub.branch", "pk": 2, "fields": {"branch_id": "2", "name": "Барановичи", "sheet_url": "https://docs.google.com/spreadsheets/d/1lzGfMTHlpIU4a02OwliKB8pB6vRdl7pTV0TOE2W5ypw"}}, {"model": "app_kiberclub.branch", "pk": 3, "fields": {"branch_id": "3", "name": "Борисов", "sheet_url": "https://docs.google.com/spreadsheets/d/1Q3HI6sl6TvWJkscqpnmm3P-6iANzlENfT4XfHPgqgpQ"}}, {"model": "app_kiberclub.branch", "pk": 4, "fields": {"branch_id": "4", "name": "Новополоцк", "sheet_url": "https://docs.google.com/spreadsheets/d/11Z_ajEMLVrIJIKWumKbLv2-qPR-oBYSACxVaaGHA9II"}}, {"model": "app_kiberclub.appuser", "pk": 1, "fields": {"status": "0", "telegram_id": "7177921027", "username": "xumpocmb_dev", "phone_number": "375255013727"}}, {"model": "app_kiberclub.client", "pk": 1, "fields": {"user": 1, "name": "xumpocmb dev | xumpocmb_dev", "branch": 1, "crm_id": "5939", "is_study": false, "dob": null, "balance": null, "paid_count": null, "next_lesson_date": null, "paid_till": null, "note": "created by Telegram BOT", "paid_lesson_count": null, "has_scheduled_lessons": false}}, {"model": "app_kiberclub.salesmanager", "pk": 2, "fields": {"name": "Евгений", "telegram_link": "https://t.me/EvgeniyKIBERone", "branches": [1, 2, 3, 4]}}, {"model": "app_kiberclub.questionsanswers", "pk": 1, "fields": {"question": "Как проходят занятия?", "answer": "Занятия проводятся офлайн 1 раз в неделю в будний или выходной день, продолжительностью 120 мин из которых 80% практики и 20% теории. Также предусмотрен перерыв (7 – 10 мин) с угощениями и различными коллективными играми."}}, {"model": "app_kiberclub.questionsanswers", "pk": 2, "fields": {"question": "Программа и продолжительность обучения в KiberOne?", "answer": "В программе КиберШколы более 50 модулей. Ребёнок сможет изучить самые трендовые направления в сфере цифровых технологий мирового уровня: 3D-моделирование и разработка игр, прототипирование и создание сайтов и мобильных приложений, изучение популярных языков программирования, блокчейн, кибербезопасность, блогинг, искусственный интеллект, мультипликация, изучение IT-английского и др.  Продолжительность программы обучения зависит от возраста ребёнка и его имеющихся навыков. Дети от 6 до 8 лет обучаются 8 лет, от 9 до 11 – 6 лет, от 12 до 14 – 3 года. По окончании обучения детям выдаются сертификаты об прохождении курса обучения."}}, {"model": "app_kiberclub.questionsanswers", "pk": 3, "fields": {"question": "Предусмотрена ли отработка пропусков?", "answer": "Да, но только по уважительной причине с предъявлением официального документа. Важно! Отработка назначается только по запросу от родителя ребёнка и не позднее 7 дней от пропущенного занятия. Проводится отработка 2 способами: 1 - в составе другой группы, когда тема занятия совпадает с пропущенным (продолжительность 120 минут); 2 - индивидуально с тьютором (продолжительность 60 минут), время и день согласовывается отдельно с менеджером. В случае неявки на отработку без предупреждения - она сгорает."}}, {"model": "app_kiberclub.questionsanswers", "pk": 4, "fields": {"question": "Как оплачивать занятия?", "answer": "Оплату можно произвести перед занятием на локации: наличными средствами, банковской картой или через ЕРИП (выбрать пункт «Система «Расчет» (ЕРИП) → Сервис E-Pos (второй в дереве) → E-Pos оплата товаров и услуг (номер плательщика можно не указывать) → нажать продолжить → ввести цифровой аналог QR-кода (это и есть номер счета: 19825-1-1) → ввести ФИО РЕБЁНКА → указать сумму → совершить платеж → выслать чек оплаты менеджеру.  Либо пройдя по ссылке:  https://client.express-pay.by/show?k=2F37583A-3ED1-453D-86FD-E3A13B7ADA19"}}, {"model": "app_kiberclub.questionsanswers", "pk": 5, "fields": {"question": "Можно ли сменить группу?", "answer": "Да, можно, при наличии свободных мест. Свяжитесь с менеджером локации и он вам предложит возможные варианты."}}, {"model": "app_kiberclub.questionsanswers", "pk": 6, "fields": {"question": "Проводятся ли индивидуальные занятия?", "answer": "Нет, все занятия проводятся в группах до 12 человек (от 5 резидентов за группой закрепляется помощник-ассистент)."}}, {"model": "app_kiberclub.questionsanswers", "pk": 7, "fields": {"question": "Что такое личный кабинет?", "answer": "Личный кабинет резидента создается при поступлении в КиберШколу (логин и пароль высылает менеджер). Там вы ознакомитесь с проектами вашего ребенка (которые технически возможно загрузить на Google диск), отследите баланс КИБЕРонов (внутренняя валюта) и просмотрите товары КИБЕРшопа."}}, {"model": "app_kiberclub.questionsanswers", "pk": 8, "fields": {"question": "Что такое Кибероны?", "answer": "В нашей КиберШколе есть собственная валюта — КИБЕРоны. Заработать их можно прямо на занятиях за посещения, качественную работу или дополнительные активности. Цель создания КиберВалюты — знакомство резидентов с экономическими основами и обучение начальной финансовой грамотности. Это стимулирует детей нести ответственность за работу, которую они выполняют на занятиях."}}, {"model": "app_kiberclub.questionsanswers", "pk": 9, "fields": {"question": "Как потратить Кибероны?", "answer": "Потратить КИБЕРоны могут только действующие резиденты в период проведения КИБЕРярмарок 2 раза в год."}}, {"model": "app_kiberclub.erippaymenthelp", "pk": 1, "fields": {"erip_link": "https://client.express-pay.by/show?k=2F37583A-3ED1-453D-86FD-E3A13B7ADA19", "erip_instructions": "Как оплатить через систему «Расчет» (ЕРИП)?      Вы можете оплатить счет через ЕРИП (без использования сканера) следующими способами:      - интернет-банкинг,     - в пункте банковского обслуживания,     - на почте,     - в инфокиоске,     - в банкомате и т.д.      Оплата возможна как наличными, так и картой, а также с использованием электронных денег.       Для проведения платежа необходимо:     - выбрать пункт «Система «Расчет» (ЕРИП) → Сервис E-Pos (второй в дереве), → E-Pos оплата товаров и услуг.     - номер плательщика можно не указывать, нажать продолжить.     - ввести цифровой аналог QR-кода – это и есть номер счета: 19825-1-1     - проверить корректность информации и ввести свои Фамилию Имя Отчество, указать сумму.     - совершить платеж.      Либо пройдя по ссылке"}}, {"model": "app_kiberclub.partnercategory", "pk": 1, "fields": {"name": "Здоровье"}}, {"model": "app_kiberclub.partnercategory", "pk": 2, "fields": {"name": "Образование"}}, {"model": "app_kiberclub.partnercategory", "pk": 3, "fields": {"name": "Еда"}}, {"model": "app_kiberclub.partnercategory", "pk": 4, "fields": {"name": "Товары"}}, {"model": "app_kiberclub.partnercategory", "pk": 5, "fields": {"name": "Развлечение"}}, {"model": "app_kiberclub.partnercategory", "pk": 6, "fields": {"name": "Финансы"}}, {"model": "app_kiberclub.partnerclientbonus", "pk": 1, "fields": {"category": 1, "partner_name": "INVITRO", "description": "\"СКИДКА по промокоду на лабораторные исследования* в любом офисе медицинского обслуживания INVITRO    *есть исключения (уточнять в медицинских офисах INVITRO)\"", "code": "КИБЕР"}}, {"model": "app_kiberclub.partnerclientbonus", "pk": 2, "fields": {"category": 2, "partner_name": "Panda English School", "description": "\"Для всех резидентов KIBERone бесплатное посещение пробного занятия и 30 руб. скидка на весь период обучения.    Начать обучение Panda English School  можно перейдя в чат-бот https://t.me/PandaAccountingBot\"", "code": null}}, {"model": "app_kiberclub.partnerclientbonus", "pk": 3, "fields": {"category": 1, "partner_name": "Школа плавания Swimming.By", "description": "Для всех резидентов KIBERone скидка 10% на абонемент.", "code": null}}, {"model": "app_kiberclub.partnerclientbonus", "pk": 4, "fields": {"category": 5, "partner_name": "375 Art Studio (Арт-студия Ирины Брежневой)", "description": "Для всех резидентов KIBERone бесплатное пробное занятие вместо 45 руб.", "code": null}}, {"model": "app_kiberclub.partnerclientbonus", "pk": 5, "fields": {"category": 5, "partner_name": "Детский развлекательный центр Карамелька", "description": "Для всех резидентов KIBERone скидка 5 рублей на игровые автоматы.", "code": null}}, {"model": "app_kiberclub.partnerclientbonus", "pk": 6, "fields": {"category": 2, "partner_name": "АНГЛИЙСКИЙ ЯЗЫК | БАРАНОВИЧИ | ОНЛАЙН", "description": "\"april.kids.school АНГЛИЙСКИЙ ЯЗЫК | БАРАНОВИЧИ | ОНЛАЙН индивидуально и в мини группах (4 чел) Скидка 10% на обучение\"", "code": null}}, {"model": "app_kiberclub.partnerclientbonus", "pk": 7, "fields": {"category": 5, "partner_name": "Семейный развлекательный центр KidTown | БАРАНОВИЧИ", "description": "\"https://www.instagram.com/kidtown_bar?igsh=MW05MTN0azJjZ3ljdA== Семейный развлекательный центр KidTown | БАРАНОВИЧИ 😍МИР ярких эмоций и веселья🎉 📍г. Барановичи, ТЦ \"\"Радужный\"\", ул. Тельмана, 64 ☎️ +375(29) 1503445 Скидка 20% по промокоду \"", "code": "KIBERONE"}}, {"model": "app_kiberclub.partnerclientbonus", "pk": 8, "fields": {"category": 3, "partner_name": "Пиццерия | БАРАНОВИЧИ | Solo Pizza", "description": "https://solo-pizza.by/ \"Пиццерия Скидка на пиццу по купону 10% ,каждый 6 заказ -40% Возьми купон и наслаждайся скидками\"", "code": null}}, {"model": "app_kiberclub.partnerclientbonus", "pk": 9, "fields": {"category": 5, "partner_name": "Cinemaroom | БАРАНОВИЧИ | Развлекательный центр", "description": "\"https://www.instagram.com/cinemaroom_baranovichi?igsh=MTByaDdjamhlcWpmNw== \"\"Cinemaroom\"\" - это развлекательный центр с игровыми приставками. Имеются игровые комнаты с множеством устройств для развлечения, в которых вы можете весело провести время с друзьями. Скидка 10% для резидентов KIBERone по промокоду\"", "code": "KIBERone"}}, {"model": "app_kiberclub.partnerclientbonus", "pk": 10, "fields": {"category": 2, "partner_name": "Формула ЦТ. Курсы подготовки", "description": "\"Формула ЦТ. Курсы подготовки. formula-ct.by  Промокод: ФОРМУЛА Скидка 35 рублей для наших резидентов(на 1 абонемент)\"", "code": null}}, {"model": "app_kiberclub.partnerclientbonus", "pk": 11, "fields": {"category": 2, "partner_name": "Центр онлайн репетиторства EDME.BY", "description": "\"Центр онлайн репетиторства EDME.BY edme.by  Промокод: КИБЕР 2 бесплатных занятия и диагностику\"", "code": null}}, {"model": "app_kiberclub.partnerclientbonus", "pk": 12, "fields": {"category": 5, "partner_name": "Парк активного отдыха Colt", "description": "\"Парк активного отдыха Colt @park.colt Скидка 10% для наших резидентов на основные услуги: квест, лазертаг, пейнтбол\"", "code": null}}, {"model": "app_kiberclub.partnerclientbonus", "pk": 13, "fields": {"category": 5, "partner_name": "Парк развлечений играй", "description": "Парк развлечений играй @igrai.park Скидка 10% на все квесты", "code": null}}, {"model": "app_kiberclub.partnerclientbonus", "pk": 14, "fields": {"category": 1, "partner_name": "Логопед✨Барановичи ✨ Игровая комната", "description": "\"https://www.instagram.com/kindercentr.by?igsh=eW9oYzd3aDlpbGRr Скидка на обучение и подготовку , шахматы , англ.язык ,логопед 10%.\"", "code": null}}, {"model": "app_kiberclub.partnerclientbonus", "pk": 15, "fields": {"category": 4, "partner_name": "Интернет-магазин GAMELAB", "description": "Вы можете получить у них скидку 5% на технику, сказав, что Вы учитесь в KIBERone!", "code": null}}, {"model": "app_kiberclub.partnerclientbonus", "pk": 16, "fields": {"category": 3, "partner_name": "BURGER KING", "description": "По промокоду скидка -15% на бургеры и роллы до 31.12.24. Скидка действует на кассе, в киоске и в мобильном приложении. На кассе вы должны проговорить, что у вас есть промокод и вы из KIBERone❗️", "code": "KIBER"}}, {"model": "app_kiberclub.partnerclientbonus", "pk": 17, "fields": {"category": 6, "partner_name": "АЛЬФА БОНУС", "description": "При оплате картой Альфа Банк через терминал в KIBERone, вы получаете 5% кэшкэка бонусов.  https://www.alfabank.by/alfabonus/?fbclid=PAZXh0bgNhZW0CMTEAAaaPbXljN7vkn2NgWMDxOH37AzMxLquBUjzZZzPchrdVu0ux-AZK1EszHzw_aem_VEdjYsK-A4kBUzk933_y7A", "code": null}}, {"model": "app_kiberclub.partnerclientbonus", "pk": 18, "fields": {"category": 6, "partner_name": "БСБ money-back", "description": "При оплате картой БСБ Банка через терминал в KIBERone, вы получаете в следующем месяце вознаграждение на свою карту в виде 4% money-back.", "code": null}}, {"model": "app_kiberclub.partnerclientbonus", "pk": 19, "fields": {"category": 2, "partner_name": "Наука Минск и Смарт Минск", "description": "Sciencely. Минск / Детские научные программы по выходным Научные Дни рождения для детей / Научные каникулы  https://www.instagram.com/smart_minsk?igsh=MXZ2cXNpMDl2dGxpdw== https://www.instagram.com/nauka_minsk?igsh=eGV4cGY1Z3M1Z3Y=  Акция только для новых клиентов. 10% скидка на 3 месяца обучения в школе KIBERone, если Вы пользуетесь их услугами.", "code": null}}, {"model": "app_kiberclub.clientbonus", "pk": 1, "fields": {"bonus": "Скидка при оплате за 3 и более месяцев", "description": "Оплата за 3 месяца - 5% Оплата за 6 месяца - 7% Оплата за 9 месяца - 10%"}}, {"model": "app_kiberclub.clientbonus", "pk": 2, "fields": {"bonus": "Акция \"приведи друга в KIBERone\"", "description": "Приведи друга и получите скидку на следующий месяц обучения 10%” (1 друг = 10% скидка, 2 друга = 20% и т.д до 90% скидки!)   Для участия в акции нужно привести одного или нескольких друзей на бесплатный IT-квест и после сообщить менеджеру фамилию ребенка,"}}, {"model": "app_kiberclub.clientbonus", "pk": 3, "fields": {"bonus": "Скидка для многодетных семей", "description": "Для многодетных (при предъявлении удостоверения) скидка 10%"}}, {"model": "app_kiberclub.clientbonus", "pk": 4, "fields": {"bonus": "Семейный абонемент", "description": "Если двое или более детей от семьи посещают наши занятия дарим скидку в 10% на каждого ребенка!"}}, {"model": "app_kiberclub.clientbonus", "pk": 5, "fields": {"bonus": "Льготы семьям, воспитывающим детей-инвалидов", "description": "Для резидентов с инвалидностью (при предъявлении удостоверения) скидка 10%"}}]